feature,auc_all,auc_band,direction
p04,0.9724004763271942,0.6123702790354641,higher=true
p02,0.9596236375376557,0.5929927587205637,higher=true
num_lev,0.5433346076521594,0.5513272598870775,higher=false
addr_tset,0.6895585921092584,0.5477963158997733,higher=true
cand_addr_missing,0.5764233754667799,0.5435880359803655,higher=false
num_missing,0.562782687059843,0.5340037994520166,higher=false
legal_only_diff,0.5379409977706429,0.5332213585336553,higher=false
num_exact,0.6732212305115071,0.5136300304132718,higher=true
name_core_eq,0.5616577727752571,0.5071580598048644,higher=true
name_tsort,0.5819766916742717,0.5023926422876686,higher=true
